team1,team2
Mumbai Indians,Chennai Super Kings
Kolkata Knight Riders,Rajasthan Royals
Sunrisers Hyderabad,Royal Challengers Bangalore
Delhi Daredevils,Kings XI Punjab
Mumbai Indians,Kolkata Knight Riders
Chennai Super Kings,Rajasthan Royals
Sunrisers Hyderabad,Delhi Daredevils
Kolkata Knight Riders,Royal Challengers Bangalore
Mumbai Indians,Rajasthan Royals
Chennai Super Kings,Kolkata Knight Riders
Rajasthan Royals,Sunrisers Hyderabad
Mumbai Indians,Kings XI Punjab
Rajasthan Royals,Royal Challengers Bangalore
Chennai Super Kings,Delhi Daredevils
Kolkata Knight Riders,Sunrisers Hyderabad
Rajasthan Royals,Kings XI Punjab
Mumbai Indians,Royal Challengers Bangalore
Chennai Super Kings,Sunrisers Hyderabad
Kolkata Knight Riders,Delhi Daredevils
Mumbai Indians,Sunrisers Hyderabad
Mumbai Indians,Kings XI Punjab
Chennai Super Kings,Delhi Daredevils
Kolkata Knight Riders,Kings XI Punjab
Rajasthan Royals,Delhi Daredevils
Chennai Super Kings,Royal Challengers Bangalore
Sunrisers Hyderabad,Kings XI Punjab
Kings XI Punjab,Royal Challengers Bangalore
Delhi Daredevils,Royal Challengers Bangalore
